O;1;2;Wat is het doel van encryptie?;Het doel van encryptie is om gegevens te beveiligen door ze onleesbaar te maken voor onbevoegden.
O;2;2;Wat is een hashfunctie?;Een hashfunctie is een algoritme dat invoer van willekeurige lengte omzet in een vaste lengte hashwaarde.
O;3;2;Wat is het verschil tussen symmetrische en asymmetrische encryptie?;Symmetrische encryptie gebruikt dezelfde sleutel voor zowel versleuteling als ontsleuteling, terwijl asymmetrische encryptie verschillende sleutels gebruikt.
O;4;2;Noem een voorbeeld van een symmetrisch encryptie-algoritme.;AES (Advanced Encryption Standard).
O;5;2;Wat betekent de term 'salting' in hashing?;Salting betekent het toevoegen van een willekeurige waarde aan het wachtwoord voordat het wordt gehasht, om hashwaarde duplicatie te voorkomen.
O;6;2;Wat is een SQL-injectie-aanval?;Een SQL-injectie-aanval is een aanval waarbij kwaadaardige SQL-code wordt ingevoegd in een invoerveld om toegang te krijgen tot of schade toe te brengen aan de database.
O;7;2;Hoe kun je je beschermen tegen XSS-aanvallen?;Je kunt je beschermen tegen XSS-aanvallen door invoer van gebruikers te valideren en te ontsmetten, en door het gebruik van veilige coderingsmethoden.
O;8;2;Wat is het verschil tussen encryptie en hashing?;Encryptie is het omzetten van leesbare gegevens in een versleutelde vorm die weer ontsleuteld kan worden, terwijl hashing het omzetten van gegevens in een vaste hashwaarde is, die niet omgekeerd kan worden.
O;9;2;Waarom is HTTPS veiliger dan HTTP?;HTTPS is veiliger dan HTTP omdat het gebruik maakt van SSL/TLS om de communicatie tussen de client en server te versleutelen.
O;10;2;Wat is een veelvoorkomende maatregel om SQL-injecties te voorkomen?;Een veelvoorkomende maatregel om SQL-injecties te voorkomen is het gebruik van prepared statements met parameterized queries.
O;11;1;Wat is dependency injection in C#?;Dependency injection is een techniek waarbij objecten hun afhankelijkheden niet zelf aanmaken, maar deze van buitenaf aangeleverd krijgen.
O;12;1;Wat zijn de drie belangrijkste componenten van het MVC-patroon?;Model, View, Controller.
O;13;1;Wat doet de Entity Framework in C#?;Entity Framework is een ORM (Object-Relational Mapper) die ontwikkelaars in staat stelt om .NET objecten te gebruiken om met een database te communiceren.
O;14;1;Wat is een Razor Page?;Een Razor Page is een eenvoudige pagina-gebaseerde programmeermodel voor ASP.NET Core dat het makkelijker maakt om webapplicaties te bouwen.
O;15;1;Hoe wordt dependency injection geïmplementeerd in ASP.NET Core?;Dependency injection wordt geïmplementeerd in ASP.NET Core via de ingebouwde DI-container, waarbij services in de Startup.cs worden geregistreerd.
O;16;1;Wat is het doel van een View in het MVC-patroon?;Het doel van een View is om de gebruikersinterface weer te geven en de gegevens die van het Model afkomstig zijn te presenteren.
O;17;1;Hoe maak je een databaseverbinding met Entity Framework?;Een databaseverbinding met Entity Framework wordt gemaakt door een DbContext-klasse te definiëren en deze te configureren in de applicatie.
O;18;1;Wat is het verschil tussen een Razor Page en een MVC View?;Een Razor Page is een zelfstandige pagina met een code-behind-model, terwijl een MVC View deel uitmaakt van een groter MVC-patroon en samenwerkt met controllers en modellen.
O;19;1;Welke voordelen biedt dependency injection?;Dependency injection bevordert losjes gekoppelde code, verhoogt de testbaarheid en vergemakkelijkt het beheer van afhankelijkheden.
O;20;1;Wat doet de Controller in het MVC-patroon?;De Controller handelt gebruikersinvoer af, verwerkt de logica en bepaalt welke View moet worden geretourneerd.
MC;21;2;Waar staat de afkorting OTP voor?;One-Two Protection;One Time Password;Opposite Tunnel Protection;Only Testing Page;B
MC;22;2;Welke van de volgende is een voorbeeld van symmetrische encryptie?;RSA;AES;ECC;Diffie-Hellman;B
MC;23;2;Wat is een kenmerk van een hashfunctie?;Omkeerbaarheid;Vaste uitvoerlengte;Verschillende uitvoerlengte;Symmetrische sleutel;B
MC;24;2;Welke aanval probeert gebruikersinvoer in SQL-query's te injecteren?;XSS;CSRF;SQLi;DoS;C
MC;25;2;Wat is een belangrijk voordeel van HTTPS boven HTTP?;Snellere laadtijd;Lager dataverbruik;Encryptie van communicatie;Minder serverbelasting;C
MC;26;1;Wat is een voordeel van dependency injection?;Verhoogde afhankelijkheid;Verbeterde onderhoudbaarheid;Langzamere prestaties;Moeilijker testen;B
MC;27;1;Welke van de volgende is geen onderdeel van het MVC-patroon?;Model;View;Controller;Database;D
MC;28;1;Hoe koppel je een model aan een database in Entity Framework?;Door gebruik te maken van een DbContext;Door SQL queries te schrijven;Door een XML bestand te configureren;Door een CSV bestand te importeren;A
MC;29;1;Wat is het doel van Razor Pages in ASP.NET Core?;Om SQL databases te beheren;Om de gebruikersinterface te bouwen;Om netwerkverbindingen te beheren;Om e-mails te versturen;B
MC;30;1;Wat wordt meestal gebruikt om dependency injection te configureren in ASP.NET Core?;Startup.cs;Web.config;Global.asax;Program.cs;A
O;31;3;Wat is een belangrijke tip voor het schrijven van een zakelijke e-mail?;Een belangrijke tip is om duidelijk en beknopt te zijn, en om het doel van de e-mail in de eerste alinea te vermelden.
O;32;3;Hoe kun je op een overtuigende manier communiceren met zowel leken als specialisten?;Gebruik duidelijk en begrijpelijk taalgebruik voor leken en gepast vakjargon voor specialisten, en zorg ervoor dat de boodschap helder en goed gestructureerd is.
O;33;3;Wat zijn twee essentiële elementen om te onthouden bij het geven van een zakelijke presentatie?;Twee essentiële elementen zijn: 1) Zorg voor een duidelijke structuur met een introductie, kern en conclusie. 2) Gebruik visuele hulpmiddelen om je boodschap te versterken en het publiek betrokken te houden.
O;34;3;Waarom is het belangrijk om aandacht te besteden aan taalzorgoefeningen bij zakelijke communicatie?;Taalzorgoefeningen helpen om grammaticale en stilistische fouten te voorkomen, waardoor de communicatie professioneler en betrouwbaarder overkomt.
O;35;3;Wat is het verschil tussen interne en externe communicatie, en hoe moet je je aanpak aanpassen?;Interne communicatie is gericht op collega's binnen de organisatie en kan informeler zijn, terwijl externe communicatie gericht is op klanten, leveranciers of andere externe partijen en formeel en professioneel moet zijn. Pas je taalgebruik en toon aan op basis van het publiek.
